mission_id,piece_id,correct_x,correct_y,rotation
uk_lake,0,540,480,-65.38
uk_lake,1,-1,-1,0
uk_lake,2,-1,-1,0
uk_lake,3,540,960,0
uk_lake,4,-1,-1,0
uk_lake,5,-1,-1,0
uk_lake,6,-1,-1,0
hengchang,0,698,788,0
hengchang,1,695,749,0
hengchang,2,722,722,0
hengchang,3,745,747,0
hengchang,4,717,786,0
hengchang,5,751,786,0
hengchang,6,698,820,0
hengchang,7,722,826,0
hengchang,8,741,818,0
wujin,0,858,623,68.21
wujin,1,711,630,106.21
wujin,2,551,622,-108.19
wujin,3,397,620,0
wujin,4,428,703,0
powerstreet,0,-1,-1,0
powerstreet,1,281,947,0
powerstreet,2,465,948,0
powerstreet,3,-1,-1,0
powerstreet,4,-1,-1,0
powerstreet,5,-1,-1,0
powerstreet,6,-1,-1,0
powerstreet,7,-1,-1,0
powerstreet,8,-1,-1,0
